psu_hh_idcode,subjective_poverty_1,subjective_poverty_2,subjective_poverty_3,subjective_poverty_4,subjective_poverty_5,subjective_poverty_6,subjective_poverty_7,subjective_poverty_8,subjective_poverty_9,subjective_poverty_10
1_7_1,1,1,1,1,1,1,1,1,1,1
1_8_1,1,1,1,1,1,1,1,1,1,1
1_10_1,1,1,1,1,1,1,1,1,1,1
2_3_1,1,1,1,1,1,1,1,1,1,1
3_1_1,1,1,1,1,1,1,1,1,1,1
5_4_1,1,1,1,1,1,1,1,1,1,1
7_8_2,1,1,1,1,1,1,1,1,1,1
7_9_2,1,1,1,1,1,1,1,1,1,1
9_1_1,1,1,1,1,1,1,1,1,1,1
9_3_1,1,1,1,1,1,1,1,1,1,1
10_6_2,1,1,1,1,1,1,1,1,1,1
12_7_1,1,1,1,1,1,1,1,1,1,1
13_3_2,1,1,1,1,1,1,1,1,1,1
15_4_1,1,1,1,1,1,1,1,1,1,1
15_8_1,1,1,1,1,1,1,1,1,1,1
15_9_2,1,1,1,1,1,1,1,1,1,1
15_11_2,1,1,1,1,1,1,1,1,1,1
16_7_1,1,1,1,1,1,1,1,1,1,1
16_8_1,1,1,1,1,1,1,1,1,1,1
16_9_1,1,1,1,1,1,1,1,1,1,1
17_3_1,1,1,1,1,1,1,1,1,1,1
17_6_1,1,1,1,1,1,1,1,1,1,1
18_2_1,1,1,1,1,1,1,1,1,1,1
18_8_1,1,1,1,1,1,1,1,1,1,1
19_3_1,1,1,1,1,1,1,1,1,1,1
20_3_1,1,1,1,1,1,1,1,1,1,1
21_1_2,1,1,1,1,1,1,1,1,1,1
21_2_1,1,1,1,1,1,1,1,1,1,1
21_5_1,1,1,1,1,1,1,1,1,1,1
24_6_1,1,1,1,1,1,1,1,1,1,1
24_7_1,1,1,1,1,1,1,1,1,1,1
25_7_5,1,1,1,1,1,1,1,1,1,1
26_1_2,1,1,1,1,1,1,1,1,1,1
26_2_1,1,1,1,1,1,1,1,1,1,1
26_3_2,1,1,1,1,1,1,1,1,1,1
26_7_1,1,1,1,1,1,1,1,1,1,1
28_8_1,1,1,1,1,1,1,1,1,1,1
29_1_1,1,1,1,1,1,1,1,1,1,1
29_2_1,1,1,1,1,1,1,1,1,1,1
30_1_1,1,1,1,1,1,1,1,1,1,1
30_4_1,1,1,1,1,1,1,1,1,1,1
31_2_1,1,1,1,1,1,1,1,1,1,1
31_3_1,1,1,1,1,1,1,1,1,1,1
32_3_1,1,1,1,1,1,1,1,1,1,1
32_7_1,1,1,1,1,1,1,1,1,1,1
32_9_1,1,1,1,1,1,1,1,1,1,1
33_5_1,1,1,1,1,1,1,1,1,1,1
33_8_1,1,1,1,1,1,1,1,1,1,1
36_1_1,1,1,1,1,1,1,1,1,1,1
36_6_1,1,1,1,1,1,1,1,1,1,1
38_7_1,1,1,1,1,1,1,1,1,1,1
38_8_1,1,1,1,1,1,1,1,1,1,1
41_2_1,1,1,1,1,1,1,1,1,1,1
41_9_1,1,1,1,1,1,1,1,1,1,1
42_9_1,1,1,1,1,1,1,1,1,1,1
43_2_1,1,1,1,1,1,1,1,1,1,1
43_6_1,1,1,1,1,1,1,1,1,1,1
44_3_1,1,1,1,1,1,1,1,1,1,1
45_8_1,1,1,1,1,1,1,1,1,1,1
46_3_1,1,1,1,1,1,1,1,1,1,1
46_7_1,1,1,1,1,1,1,1,1,1,1
47_10_1,1,1,1,1,1,1,1,1,1,1
48_4_1,1,1,1,1,1,1,1,1,1,1
49_1_1,1,1,1,1,1,1,1,1,1,1
49_2_1,1,1,1,1,1,1,1,1,1,1
49_5_1,1,1,1,1,1,1,1,1,1,1
49_10_1,1,1,1,1,1,1,1,1,1,1
50_5_1,1,1,1,1,1,1,1,1,1,1
51_5_1,1,1,1,1,1,1,1,1,1,1
52_5_1,1,1,1,1,1,1,1,1,1,1
53_2_1,1,1,1,1,1,1,1,1,1,1
53_4_1,1,1,1,1,1,1,1,1,1,1
57_9_1,1,1,1,1,1,1,1,1,1,1
59_3_1,1,1,1,1,1,1,1,1,1,1
59_4_1,1,1,1,1,1,1,1,1,1,1
59_7_1,1,1,1,1,1,1,1,1,1,1
60_3_1,1,1,1,1,1,1,1,1,1,1
60_6_1,1,1,1,1,1,1,1,1,1,1
62_1_1,1,1,1,1,1,1,1,1,1,1
62_5_2,1,1,1,1,1,1,1,1,1,1
63_4_2,1,1,1,1,1,1,1,1,1,1
63_7_1,1,1,1,1,1,1,1,1,1,1
64_1_1,1,1,1,1,1,1,1,1,1,1
64_8_1,1,1,1,1,1,1,1,1,1,1
65_1_1,1,1,1,1,1,1,1,1,1,1
65_2_5,1,1,1,1,1,1,1,1,1,1
66_4_1,1,1,1,1,1,1,1,1,1,1
66_6_1,1,1,1,1,1,1,1,1,1,1
66_7_1,1,1,1,1,1,1,1,1,1,1
68_1_1,1,1,1,1,1,1,1,1,1,1
68_3_1,1,1,1,1,1,1,1,1,1,1
68_5_1,1,1,1,1,1,1,1,1,1,1
70_8_1,1,1,1,1,1,1,1,1,1,1
71_3_1,1,1,1,1,1,1,1,1,1,1
71_4_1,1,1,1,1,1,1,1,1,1,1
72_2_1,1,1,1,1,1,1,1,1,1,1
72_7_1,1,1,1,1,1,1,1,1,1,1
73_5_1,1,1,1,1,1,1,1,1,1,1
75_4_1,1,1,1,1,1,1,1,1,1,1
76_1_1,1,1,1,1,1,1,1,1,1,1
76_4_1,1,1,1,1,1,1,1,1,1,1
76_7_1,1,1,1,1,1,1,1,1,1,1
77_1_1,1,1,1,1,1,1,1,1,1,1
78_1_1,1,1,1,1,1,1,1,1,1,1
78_8_1,1,1,1,1,1,1,1,1,1,1
80_4_1,1,1,1,1,1,1,1,1,1,1
80_7_1,1,1,1,1,1,1,1,1,1,1
81_6_1,1,1,1,1,1,1,1,1,1,1
81_7_1,1,1,1,1,1,1,1,1,1,1
83_4_1,1,1,1,1,1,1,1,1,1,1
83_8_1,1,1,1,1,1,1,1,1,1,1
84_3_1,1,1,1,1,1,1,1,1,1,1
84_4_1,1,1,1,1,1,1,1,1,1,1
84_8_1,1,1,1,1,1,1,1,1,1,1
85_2_1,1,1,1,1,1,1,1,1,1,1
85_4_1,1,1,1,1,1,1,1,1,1,1
87_1_1,1,1,1,1,1,1,1,1,1,1
88_3_1,1,1,1,1,1,1,1,1,1,1
88_4_1,1,1,1,1,1,1,1,1,1,1
89_6_1,1,1,1,1,1,1,1,1,1,1
90_2_1,1,1,1,1,1,1,1,1,1,1
90_5_1,1,1,1,1,1,1,1,1,1,1
90_6_1,1,1,1,1,1,1,1,1,1,1
91_3_1,1,1,1,1,1,1,1,1,1,1
91_4_1,1,1,1,1,1,1,1,1,1,1
92_1_1,1,1,1,1,1,1,1,1,1,1
92_5_1,1,1,1,1,1,1,1,1,1,1
93_6_1,1,1,1,1,1,1,1,1,1,1
95_2_1,1,1,1,1,1,1,1,1,1,1
96_1_1,1,1,1,1,1,1,1,1,1,1
96_10_1,1,1,1,1,1,1,1,1,1,1
97_1_1,1,1,1,1,1,1,1,1,1,1
97_2_1,1,1,1,1,1,1,1,1,1,1
97_3_1,1,1,1,1,1,1,1,1,1,1
97_7_1,1,1,1,1,1,1,1,1,1,1
97_8_1,1,1,1,1,1,1,1,1,1,1
99_1_1,1,1,1,1,1,1,1,1,1,1
100_2_1,1,1,1,1,1,1,1,1,1,1
100_7_1,1,1,1,1,1,1,1,1,1,1
101_5_1,1,1,1,1,1,1,1,1,1,1
102_7_1,1,1,1,1,1,1,1,1,1,1
102_8_1,1,1,1,1,1,1,1,1,1,1
103_7_1,1,1,1,1,1,1,1,1,1,1
103_8_1,1,1,1,1,1,1,1,1,1,1
104_2_1,1,1,1,1,1,1,1,1,1,1
104_4_1,1,1,1,1,1,1,1,1,1,1
104_7_1,1,1,1,1,1,1,1,1,1,1
105_1_1,1,1,1,1,1,1,1,1,1,1
106_10_1,1,1,1,1,1,1,1,1,1,1
107_5_2,1,1,1,1,1,1,1,1,1,1
107_7_1,1,1,1,1,1,1,1,1,1,1
107_8_2,1,1,1,1,1,1,1,1,1,1
108_7_1,1,1,1,1,1,1,1,1,1,1
108_10_2,1,1,1,1,1,1,1,1,1,1
109_8_1,1,1,1,1,1,1,1,1,1,1
110_1_1,1,1,1,1,1,1,1,1,1,1
110_5_2,1,1,1,1,1,1,1,1,1,1
110_8_1,1,1,1,1,1,1,1,1,1,1
112_11_1,1,1,1,1,1,1,1,1,1,1
112_12_1,1,1,1,1,1,1,1,1,1,1
113_5_1,1,1,1,1,1,1,1,1,1,1
113_7_1,1,1,1,1,1,1,1,1,1,1
115_7_1,1,1,1,1,1,1,1,1,1,1
115_11_1,1,1,1,1,1,1,1,1,1,1
115_12_1,1,1,1,1,1,1,1,1,1,1
116_3_1,1,1,1,1,1,1,1,1,1,1
116_8_1,1,1,1,1,1,1,1,1,1,1
117_1_1,1,1,1,1,1,1,1,1,1,1
118_12_2,1,1,1,1,1,1,1,1,1,1
119_3_2,1,1,1,1,1,1,1,1,1,1
119_10_1,1,1,1,1,1,1,1,1,1,1
119_12_2,1,1,1,1,1,1,1,1,1,1
120_2_1,1,1,1,1,1,1,1,1,1,1
120_3_1,1,1,1,1,1,1,1,1,1,1
120_7_1,1,1,1,1,1,1,1,1,1,1
120_10_1,1,1,1,1,1,1,1,1,1,1
121_11_1,1,1,1,1,1,1,1,1,1,1
122_5_2,1,1,1,1,1,1,1,1,1,1
122_15_1,1,1,1,1,1,1,1,1,1,1
123_7_1,1,1,1,1,1,1,1,1,1,1
124_1_1,1,1,1,1,1,1,1,1,1,1
124_7_1,1,1,1,1,1,1,1,1,1,1
124_10_1,1,1,1,1,1,1,1,1,1,1
125_1_1,1,1,1,1,1,1,1,1,1,1
125_4_1,1,1,1,1,1,1,1,1,1,1
127_7_2,1,1,1,1,1,1,1,1,1,1
127_12_1,1,1,1,1,1,1,1,1,1,1
128_1_1,1,1,1,1,1,1,1,1,1,1
128_7_1,1,1,1,1,1,1,1,1,1,1
129_7_1,1,1,1,1,1,1,1,1,1,1
131_9_2,1,1,1,1,1,1,1,1,1,1
133_4_2,1,1,1,1,1,1,1,1,1,1
133_5_2,1,1,1,1,1,1,1,1,1,1
133_9_2,1,1,1,1,1,1,1,1,1,1
133_10_2,1,1,1,1,1,1,1,1,1,1
134_2_1,1,1,1,1,1,1,1,1,1,1
134_3_2,1,1,1,1,1,1,1,1,1,1
134_6_2,1,1,1,1,1,1,1,1,1,1
135_6_2,1,1,1,1,1,1,1,1,1,1
135_7_2,1,1,1,1,1,1,1,1,1,1
136_2_1,1,1,1,1,1,1,1,1,1,1
136_3_3,1,1,1,1,1,1,1,1,1,1
140_7_1,1,1,1,1,1,1,1,1,1,1
141_1_1,1,1,1,1,1,1,1,1,1,1
141_3_2,1,1,1,1,1,1,1,1,1,1
143_6_1,1,1,1,1,1,1,1,1,1,1
143_8_1,1,1,1,1,1,1,1,1,1,1
144_2_1,1,1,1,1,1,1,1,1,1,1
144_6_1,1,1,1,1,1,1,1,1,1,1
144_7_3,1,1,1,1,1,1,1,1,1,1
144_11_1,1,1,1,1,1,1,1,1,1,1
145_3_1,1,1,1,1,1,1,1,1,1,1
145_4_1,1,1,1,1,1,1,1,1,1,1
145_6_2,1,1,1,1,1,1,1,1,1,1
146_2_1,1,1,1,1,1,1,1,1,1,1
146_8_1,1,1,1,1,1,1,1,1,1,1
146_9_1,1,1,1,1,1,1,1,1,1,1
147_2_1,1,1,1,1,1,1,1,1,1,1
149_1_2,1,1,1,1,1,1,1,1,1,1
149_9_3,1,1,1,1,1,1,1,1,1,1
151_3_2,1,1,1,1,1,1,1,1,1,1
151_7_1,1,1,1,1,1,1,1,1,1,1
152_9_1,1,1,1,1,1,1,1,1,1,1
153_2_1,1,1,1,1,1,1,1,1,1,1
153_3_2,1,1,1,1,1,1,1,1,1,1
156_4_1,1,1,1,1,1,1,1,1,1,1
157_1_2,1,1,1,1,1,1,1,1,1,1
157_3_1,1,1,1,1,1,1,1,1,1,1
157_7_2,1,1,1,1,1,1,1,1,1,1
157_9_1,1,1,1,1,1,1,1,1,1,1
158_1_1,1,1,1,1,1,1,1,1,1,1
159_4_1,1,1,1,1,1,1,1,1,1,1
160_4_1,1,1,1,1,1,1,1,1,1,1
160_5_1,1,1,1,1,1,1,1,1,1,1
161_3_1,1,1,1,1,1,1,1,1,1,1
162_4_1,1,1,1,1,1,1,1,1,1,1
163_1_1,1,1,1,1,1,1,1,1,1,1
163_5_1,1,1,1,1,1,1,1,1,1,1
164_3_1,1,1,1,1,1,1,1,1,1,1
164_5_1,1,1,1,1,1,1,1,1,1,1
164_8_3,1,1,1,1,1,1,1,1,1,1
165_1_1,1,1,1,1,1,1,1,1,1,1
165_3_1,1,1,1,1,1,1,1,1,1,1
165_7_1,1,1,1,1,1,1,1,1,1,1
166_5_1,1,1,1,1,1,1,1,1,1,1
167_2_1,1,1,1,1,1,1,1,1,1,1
167_4_1,1,1,1,1,1,1,1,1,1,1
167_5_1,1,1,1,1,1,1,1,1,1,1
168_9_2,1,1,1,1,1,1,1,1,1,1
169_8_1,1,1,1,1,1,1,1,1,1,1
170_2_1,1,1,1,1,1,1,1,1,1,1
170_8_2,1,1,1,1,1,1,1,1,1,1
171_6_1,1,1,1,1,1,1,1,1,1,1
171_8_2,1,1,1,1,1,1,1,1,1,1
172_2_2,1,1,1,1,1,1,1,1,1,1
174_1_2,1,1,1,1,1,1,1,1,1,1
174_5_1,1,1,1,1,1,1,1,1,1,1
175_6_1,1,1,1,1,1,1,1,1,1,1
177_3_5,1,1,1,1,1,1,1,1,1,1
181_8_2,1,1,1,1,1,1,1,1,1,1
183_5_1,1,1,1,1,1,1,1,1,1,1
184_8_1,1,1,1,1,1,1,1,1,1,1
185_7_1,1,1,1,1,1,1,1,1,1,1
186_2_4,1,1,1,1,1,1,1,1,1,1
186_5_2,1,1,1,1,1,1,1,1,1,1
187_9_1,1,1,1,1,1,1,1,1,1,1
187_11_2,1,1,1,1,1,1,1,1,1,1
188_8_1,1,1,1,1,1,1,1,1,1,1
190_6_1,1,1,1,1,1,1,1,1,1,1
191_10_2,1,1,1,1,1,1,1,1,1,1
192_2_1,1,1,1,1,1,1,1,1,1,1
192_3_1,1,1,1,1,1,1,1,1,1,1
192_5_2,1,1,1,1,1,1,1,1,1,1
193_7_1,1,1,1,1,1,1,1,1,1,1
193_9_1,1,1,1,1,1,1,1,1,1,1
197_1_1,1,1,1,1,1,1,1,1,1,1
197_3_2,1,1,1,1,1,1,1,1,1,1
197_4_2,1,1,1,1,1,1,1,1,1,1
197_6_1,1,1,1,1,1,1,1,1,1,1
197_7_1,1,1,1,1,1,1,1,1,1,1
198_7_3,1,1,1,1,1,1,1,1,1,1
199_4_1,1,1,1,1,1,1,1,1,1,1
200_7_1,1,1,1,1,1,1,1,1,1,1
201_4_1,1,1,1,1,1,1,1,1,1,1
201_5_1,1,1,1,1,1,1,1,1,1,1
201_6_1,1,1,1,1,1,1,1,1,1,1
203_4_1,1,1,1,1,1,1,1,1,1,1
204_2_1,1,1,1,1,1,1,1,1,1,1
204_11_1,1,1,1,1,1,1,1,1,1,1
205_2_1,1,1,1,1,1,1,1,1,1,1
205_4_1,1,1,1,1,1,1,1,1,1,1
205_5_1,1,1,1,1,1,1,1,1,1,1
205_8_1,1,1,1,1,1,1,1,1,1,1
206_7_1,1,1,1,1,1,1,1,1,1,1
206_8_1,1,1,1,1,1,1,1,1,1,1
207_1_1,1,1,1,1,1,1,1,1,1,1
208_12_1,1,1,1,1,1,1,1,1,1,1
209_1_2,1,1,1,1,1,1,1,1,1,1
209_5_1,1,1,1,1,1,1,1,1,1,1
210_2_1,1,1,1,1,1,1,1,1,1,1
210_7_1,1,1,1,1,1,1,1,1,1,1
210_8_1,1,1,1,1,1,1,1,1,1,1
211_1_2,1,1,1,1,1,1,1,1,1,1
211_3_1,1,1,1,1,1,1,1,1,1,1
211_6_1,1,1,1,1,1,1,1,1,1,1
211_7_1,1,1,1,1,1,1,1,1,1,1
211_8_2,1,1,1,1,1,1,1,1,1,1
212_6_1,1,1,1,1,1,1,1,1,1,1
213_1_1,1,1,1,1,1,1,1,1,1,1
214_6_3,1,1,1,1,1,1,1,1,1,1
215_5_1,1,1,1,1,1,1,1,1,1,1
215_10_2,1,1,1,1,1,1,1,1,1,1
216_3_1,1,1,1,1,1,1,1,1,1,1
216_5_1,1,1,1,1,1,1,1,1,1,1
217_7_1,1,1,1,1,1,1,1,1,1,1
217_8_2,1,1,1,1,1,1,1,1,1,1
220_2_1,1,1,1,1,1,1,1,1,1,1
220_6_2,1,1,1,1,1,1,1,1,1,1
220_8_1,1,1,1,1,1,1,1,1,1,1
221_2_2,1,1,1,1,1,1,1,1,1,1
225_1_1,1,1,1,1,1,1,1,1,1,1
225_4_1,1,1,1,1,1,1,1,1,1,1
226_3_1,1,1,1,1,1,1,1,1,1,1
226_9_1,1,1,1,1,1,1,1,1,1,1
227_3_2,1,1,1,1,1,1,1,1,1,1
228_1_1,1,1,1,1,1,1,1,1,1,1
228_4_1,1,1,1,1,1,1,1,1,1,1
228_8_1,1,1,1,1,1,1,1,1,1,1
229_1_1,1,1,1,1,1,1,1,1,1,1
229_4_1,1,1,1,1,1,1,1,1,1,1
229_5_1,1,1,1,1,1,1,1,1,1,1
230_4_1,1,1,1,1,1,1,1,1,1,1
230_8_1,1,1,1,1,1,1,1,1,1,1
231_2_1,1,1,1,1,1,1,1,1,1,1
231_4_1,1,1,1,1,1,1,1,1,1,1
232_1_1,1,1,1,1,1,1,1,1,1,1
232_5_1,1,1,1,1,1,1,1,1,1,1
232_6_2,1,1,1,1,1,1,1,1,1,1
232_7_1,1,1,1,1,1,1,1,1,1,1
233_2_1,1,1,1,1,1,1,1,1,1,1
233_3_1,1,1,1,1,1,1,1,1,1,1
233_12_1,1,1,1,1,1,1,1,1,1,1
234_2_2,1,1,1,1,1,1,1,1,1,1
236_9_1,1,1,1,1,1,1,1,1,1,1
237_8_1,1,1,1,1,1,1,1,1,1,1
238_4_2,1,1,1,1,1,1,1,1,1,1
238_6_1,1,1,1,1,1,1,1,1,1,1
239_4_2,1,1,1,1,1,1,1,1,1,1
239_6_1,1,1,1,1,1,1,1,1,1,1
240_7_1,1,1,1,1,1,1,1,1,1,1
241_1_2,1,1,1,1,1,1,1,1,1,1
242_4_1,1,1,1,1,1,1,1,1,1,1
242_5_2,1,1,1,1,1,1,1,1,1,1
244_1_1,1,1,1,1,1,1,1,1,1,1
245_8_1,1,1,1,1,1,1,1,1,1,1
245_12_1,1,1,1,1,1,1,1,1,1,1
246_1_1,1,1,1,1,1,1,1,1,1,1
247_4_1,1,1,1,1,1,1,1,1,1,1
247_5_1,1,1,1,1,1,1,1,1,1,1
247_8_1,1,1,1,1,1,1,1,1,1,1
248_1_1,1,1,1,1,1,1,1,1,1,1
248_3_1,1,1,1,1,1,1,1,1,1,1
248_10_1,1,1,1,1,1,1,1,1,1,1
248_12_1,1,1,1,1,1,1,1,1,1,1
249_4_1,1,1,1,1,1,1,1,1,1,1
249_7_1,1,1,1,1,1,1,1,1,1,1
249_12_1,1,1,1,1,1,1,1,1,1,1
250_6_1,1,1,1,1,1,1,1,1,1,1
250_8_1,1,1,1,1,1,1,1,1,1,1
250_9_1,1,1,1,1,1,1,1,1,1,1
250_11_1,1,1,1,1,1,1,1,1,1,1
251_2_1,1,1,1,1,1,1,1,1,1,1
253_4_1,1,1,1,1,1,1,1,1,1,1
254_4_1,1,1,1,1,1,1,1,1,1,1
254_5_1,1,1,1,1,1,1,1,1,1,1
255_9_1,1,1,1,1,1,1,1,1,1,1
255_12_1,1,1,1,1,1,1,1,1,1,1
256_1_1,1,1,1,1,1,1,1,1,1,1
256_4_1,1,1,1,1,1,1,1,1,1,1
257_1_1,1,1,1,1,1,1,1,1,1,1
257_2_1,1,1,1,1,1,1,1,1,1,1
257_3_1,1,1,1,1,1,1,1,1,1,1
258_1_1,1,1,1,1,1,1,1,1,1,1
258_4_1,1,1,1,1,1,1,1,1,1,1
258_9_1,1,1,1,1,1,1,1,1,1,1
258_11_1,1,1,1,1,1,1,1,1,1,1
258_12_1,1,1,1,1,1,1,1,1,1,1
259_4_1,1,1,1,1,1,1,1,1,1,1
259_12_1,1,1,1,1,1,1,1,1,1,1
260_7_1,1,1,1,1,1,1,1,1,1,1
261_1_1,1,1,1,1,1,1,1,1,1,1
261_3_1,1,1,1,1,1,1,1,1,1,1
261_5_1,1,1,1,1,1,1,1,1,1,1
264_5_1,1,1,1,1,1,1,1,1,1,1
265_6_3,1,1,1,1,1,1,1,1,1,1
266_5_1,1,1,1,1,1,1,1,1,1,1
266_9_1,1,1,1,1,1,1,1,1,1,1
267_3_1,1,1,1,1,1,1,1,1,1,1
268_2_1,1,1,1,1,1,1,1,1,1,1
268_11_1,1,1,1,1,1,1,1,1,1,1
269_1_1,1,1,1,1,1,1,1,1,1,1
269_8_1,1,1,1,1,1,1,1,1,1,1
270_1_3,1,1,1,1,1,1,1,1,1,1
270_2_2,1,1,1,1,1,1,1,1,1,1
270_8_4,1,1,1,1,1,1,1,1,1,1
270_10_2,1,1,1,1,1,1,1,1,1,1
271_2_1,1,1,1,1,1,1,1,1,1,1
271_3_1,1,1,1,1,1,1,1,1,1,1
271_8_2,1,1,1,1,1,1,1,1,1,1
273_6_1,1,1,1,1,1,1,1,1,1,1
274_6_1,1,1,1,1,1,1,1,1,1,1
274_8_1,1,1,1,1,1,1,1,1,1,1
275_2_1,1,1,1,1,1,1,1,1,1,1
275_3_1,1,1,1,1,1,1,1,1,1,1
275_9_1,1,1,1,1,1,1,1,1,1,1
276_2_1,1,1,1,1,1,1,1,1,1,1
276_5_1,1,1,1,1,1,1,1,1,1,1
276_7_1,1,1,1,1,1,1,1,1,1,1
276_8_1,1,1,1,1,1,1,1,1,1,1
277_12_1,1,1,1,1,1,1,1,1,1,1
278_6_1,1,1,1,1,1,1,1,1,1,1
280_7_1,1,1,1,1,1,1,1,1,1,1
281_5_1,1,1,1,1,1,1,1,1,1,1
283_1_1,1,1,1,1,1,1,1,1,1,1
283_7_1,1,1,1,1,1,1,1,1,1,1
283_9_1,1,1,1,1,1,1,1,1,1,1
284_4_1,1,1,1,1,1,1,1,1,1,1
285_9_1,1,1,1,1,1,1,1,1,1,1
286_12_2,1,1,1,1,1,1,1,1,1,1
287_9_2,1,1,1,1,1,1,1,1,1,1
288_5_1,1,1,1,1,1,1,1,1,1,1
288_10_1,1,1,1,1,1,1,1,1,1,1
291_6_1,1,1,1,1,1,1,1,1,1,1
291_8_2,1,1,1,1,1,1,1,1,1,1
292_1_2,1,1,1,1,1,1,1,1,1,1
292_6_1,1,1,1,1,1,1,1,1,1,1
293_2_1,1,1,1,1,1,1,1,1,1,1
294_1_2,1,1,1,1,1,1,1,1,1,1
294_8_1,1,1,1,1,1,1,1,1,1,1
296_6_1,1,1,1,1,1,1,1,1,1,1
296_7_1,1,1,1,1,1,1,1,1,1,1
297_2_2,1,1,1,1,1,1,1,1,1,1
297_6_3,1,1,1,1,1,1,1,1,1,1
298_2_1,1,1,1,1,1,1,1,1,1,1
299_3_1,1,1,1,1,1,1,1,1,1,1
299_5_1,1,1,1,1,1,1,1,1,1,1
300_1_1,1,1,1,1,1,1,1,1,1,1
300_4_1,1,1,1,1,1,1,1,1,1,1
300_8_1,1,1,1,1,1,1,1,1,1,1
304_6_1,1,1,1,1,1,1,1,1,1,1
305_5_1,1,1,1,1,1,1,1,1,1,1
305_7_1,1,1,1,1,1,1,1,1,1,1
306_7_1,1,1,1,1,1,1,1,1,1,1
306_8_1,1,1,1,1,1,1,1,1,1,1
307_7_1,1,1,1,1,1,1,1,1,1,1
307_12_1,1,1,1,1,1,1,1,1,1,1
308_1_1,1,1,1,1,1,1,1,1,1,1
310_3_1,1,1,1,1,1,1,1,1,1,1
311_3_1,1,1,1,1,1,1,1,1,1,1
311_6_1,1,1,1,1,1,1,1,1,1,1
311_9_1,1,1,1,1,1,1,1,1,1,1
312_4_1,1,1,1,1,1,1,1,1,1,1
312_5_1,1,1,1,1,1,1,1,1,1,1
312_6_1,1,1,1,1,1,1,1,1,1,1
313_9_1,1,1,1,1,1,1,1,1,1,1
314_2_1,1,1,1,1,1,1,1,1,1,1
314_6_1,1,1,1,1,1,1,1,1,1,1
315_1_1,1,1,1,1,1,1,1,1,1,1
316_7_1,1,1,1,1,1,1,1,1,1,1
318_3_1,1,1,1,1,1,1,1,1,1,1
318_4_1,1,1,1,1,1,1,1,1,1,1
318_5_1,1,1,1,1,1,1,1,1,1,1
319_5_1,1,1,1,1,1,1,1,1,1,1
320_1_1,1,1,1,1,1,1,1,1,1,1
320_10_1,1,1,1,1,1,1,1,1,1,1
320_11_1,1,1,1,1,1,1,1,1,1,1
320_12_1,1,1,1,1,1,1,1,1,1,1
321_2_1,1,1,1,1,1,1,1,1,1,1
321_5_1,1,1,1,1,1,1,1,1,1,1
321_7_1,1,1,1,1,1,1,1,1,1,1
322_3_1,1,1,1,1,1,1,1,1,1,1
324_12_1,1,1,1,1,1,1,1,1,1,1
325_3_1,1,1,1,1,1,1,1,1,1,1
325_5_1,1,1,1,1,1,1,1,1,1,1
325_8_1,1,1,1,1,1,1,1,1,1,1
327_8_1,1,1,1,1,1,1,1,1,1,1
327_9_1,1,1,1,1,1,1,1,1,1,1
328_2_1,1,1,1,1,1,1,1,1,1,1
328_7_1,1,1,1,1,1,1,1,1,1,1
329_3_1,1,1,1,1,1,1,1,1,1,1
329_4_1,1,1,1,1,1,1,1,1,1,1
330_5_1,1,1,1,1,1,1,1,1,1,1
331_8_1,1,1,1,1,1,1,1,1,1,1
333_7_1,1,1,1,1,1,1,1,1,1,1
335_5_1,1,1,1,1,1,1,1,1,1,1
335_6_1,1,1,1,1,1,1,1,1,1,1
336_3_1,1,1,1,1,1,1,1,1,1,1
337_6_1,1,1,1,1,1,1,1,1,1,1
337_10_1,1,1,1,1,1,1,1,1,1,1
338_1_1,1,1,1,1,1,1,1,1,1,1
338_8_2,1,1,1,1,1,1,1,1,1,1
339_1_1,1,1,1,1,1,1,1,1,1,1
339_6_1,1,1,1,1,1,1,1,1,1,1
339_7_1,1,1,1,1,1,1,1,1,1,1
340_2_1,1,1,1,1,1,1,1,1,1,1
340_3_1,1,1,1,1,1,1,1,1,1,1
340_7_1,1,1,1,1,1,1,1,1,1,1
341_6_1,1,1,1,1,1,1,1,1,1,1
342_3_1,1,1,1,1,1,1,1,1,1,1
342_6_1,1,1,1,1,1,1,1,1,1,1
342_7_1,1,1,1,1,1,1,1,1,1,1
342_9_1,1,1,1,1,1,1,1,1,1,1
342_10_1,1,1,1,1,1,1,1,1,1,1
343_2_2,1,1,1,1,1,1,1,1,1,1
343_5_1,1,1,1,1,1,1,1,1,1,1
343_6_1,1,1,1,1,1,1,1,1,1,1
344_4_1,1,1,1,1,1,1,1,1,1,1
344_5_1,1,1,1,1,1,1,1,1,1,1
344_7_1,1,1,1,1,1,1,1,1,1,1
345_8_1,1,1,1,1,1,1,1,1,1,1
346_4_1,1,1,1,1,1,1,1,1,1,1
346_8_2,1,1,1,1,1,1,1,1,1,1
347_8_1,1,1,1,1,1,1,1,1,1,1
347_9_2,1,1,1,1,1,1,1,1,1,1
348_3_1,1,1,1,1,1,1,1,1,1,1
348_5_1,1,1,1,1,1,1,1,1,1,1
348_8_1,1,1,1,1,1,1,1,1,1,1
349_1_2,1,1,1,1,1,1,1,1,1,1
349_4_1,1,1,1,1,1,1,1,1,1,1
349_8_1,1,1,1,1,1,1,1,1,1,1
350_8_1,1,1,1,1,1,1,1,1,1,1
351_8_1,1,1,1,1,1,1,1,1,1,1
352_2_1,1,1,1,1,1,1,1,1,1,1
352_5_1,1,1,1,1,1,1,1,1,1,1
352_9_1,1,1,1,1,1,1,1,1,1,1
353_2_1,1,1,1,1,1,1,1,1,1,1
354_5_1,1,1,1,1,1,1,1,1,1,1
355_1_1,1,1,1,1,1,1,1,1,1,1
355_2_1,1,1,1,1,1,1,1,1,1,1
355_9_1,1,1,1,1,1,1,1,1,1,1
356_1_1,1,1,1,1,1,1,1,1,1,1
357_3_1,1,1,1,1,1,1,1,1,1,1
357_8_1,1,1,1,1,1,1,1,1,1,1
358_7_2,1,1,1,1,1,1,1,1,1,1
359_8_1,1,1,1,1,1,1,1,1,1,1
359_11_1,1,1,1,1,1,1,1,1,1,1
360_1_1,1,1,1,1,1,1,1,1,1,1
360_2_1,1,1,1,1,1,1,1,1,1,1
360_8_1,1,1,1,1,1,1,1,1,1,1
362_2_8,1,1,1,1,1,1,1,1,1,1
362_5_1,1,1,1,1,1,1,1,1,1,1
363_2_1,1,1,1,1,1,1,1,1,1,1
363_4_1,1,1,1,1,1,1,1,1,1,1
363_7_2,1,1,1,1,1,1,1,1,1,1
364_2_1,1,1,1,1,1,1,1,1,1,1
365_1_2,1,1,1,1,1,1,1,1,1,1
365_2_2,1,1,1,1,1,1,1,1,1,1
365_4_1,1,1,1,1,1,1,1,1,1,1
366_1_1,1,1,1,1,1,1,1,1,1,1
366_6_1,1,1,1,1,1,1,1,1,1,1
367_2_1,1,1,1,1,1,1,1,1,1,1
367_5_1,1,1,1,1,1,1,1,1,1,1
367_8_2,1,1,1,1,1,1,1,1,1,1
368_1_1,1,1,1,1,1,1,1,1,1,1
368_5_2,1,1,1,1,1,1,1,1,1,1
369_8_1,1,1,1,1,1,1,1,1,1,1
369_12_1,1,1,1,1,1,1,1,1,1,1
370_6_1,1,1,1,1,1,1,1,1,1,1
370_12_1,1,1,1,1,1,1,1,1,1,1
371_1_1,1,1,1,1,1,1,1,1,1,1
371_3_1,1,1,1,1,1,1,1,1,1,1
371_8_1,1,1,1,1,1,1,1,1,1,1
372_1_1,1,1,1,1,1,1,1,1,1,1
373_1_1,1,1,1,1,1,1,1,1,1,1
373_2_2,1,1,1,1,1,1,1,1,1,1
373_9_1,1,1,1,1,1,1,1,1,1,1
375_4_4,1,1,1,1,1,1,1,1,1,1
376_1_2,1,1,1,1,1,1,1,1,1,1
376_7_2,1,1,1,1,1,1,1,1,1,1
377_3_1,1,1,1,1,1,1,1,1,1,1
378_5_2,1,1,1,1,1,1,1,1,1,1
379_10_1,1,1,1,1,1,1,1,1,1,1
380_1_1,1,1,1,1,1,1,1,1,1,1
380_9_1,1,1,1,1,1,1,1,1,1,1
382_5_1,1,1,1,1,1,1,1,1,1,1
382_9_2,1,1,1,1,1,1,1,1,1,1
383_2_1,1,1,1,1,1,1,1,1,1,1
383_3_1,1,1,1,1,1,1,1,1,1,1
383_5_2,1,1,1,1,1,1,1,1,1,1
383_6_3,1,1,1,1,1,1,1,1,1,1
384_9_1,1,1,1,1,1,1,1,1,1,1
384_10_1,1,1,1,1,1,1,1,1,1,1
384_11_1,1,1,1,1,1,1,1,1,1,1
385_3_2,1,1,1,1,1,1,1,1,1,1
385_5_1,1,1,1,1,1,1,1,1,1,1
386_1_1,1,1,1,1,1,1,1,1,1,1
386_8_1,1,1,1,1,1,1,1,1,1,1
387_1_1,1,1,1,1,1,1,1,1,1,1
387_6_1,1,1,1,1,1,1,1,1,1,1
388_5_1,1,1,1,1,1,1,1,1,1,1
389_2_1,1,1,1,1,1,1,1,1,1,1
389_6_1,1,1,1,1,1,1,1,1,1,1
389_8_1,1,1,1,1,1,1,1,1,1,1
390_7_1,1,1,1,1,1,1,1,1,1,1
390_8_1,1,1,1,1,1,1,1,1,1,1
391_2_1,1,1,1,1,1,1,1,1,1,1
391_4_1,1,1,1,1,1,1,1,1,1,1
391_6_1,1,1,1,1,1,1,1,1,1,1
393_2_1,1,1,1,1,1,1,1,1,1,1
393_9_1,1,1,1,1,1,1,1,1,1,1
393_10_2,1,1,1,1,1,1,1,1,1,1
394_5_1,1,1,1,1,1,1,1,1,1,1
394_6_4,1,1,1,1,1,1,1,1,1,1
395_2_2,1,1,1,1,1,1,1,1,1,1
395_6_1,1,1,1,1,1,1,1,1,1,1
395_7_1,1,1,1,1,1,1,1,1,1,1
397_5_1,1,1,1,1,1,1,1,1,1,1
397_6_1,1,1,1,1,1,1,1,1,1,1
398_2_1,1,1,1,1,1,1,1,1,1,1
398_4_1,1,1,1,1,1,1,1,1,1,1
399_2_1,1,1,1,1,1,1,1,1,1,1
400_1_1,1,1,1,1,1,1,1,1,1,1
401_4_1,1,1,1,1,1,1,1,1,1,1
401_7_1,1,1,1,1,1,1,1,1,1,1
402_6_1,1,1,1,1,1,1,1,1,1,1
403_6_2,1,1,1,1,1,1,1,1,1,1
403_9_1,1,1,1,1,1,1,1,1,1,1
404_6_2,1,1,1,1,1,1,1,1,1,1
405_4_1,1,1,1,1,1,1,1,1,1,1
405_6_2,1,1,1,1,1,1,1,1,1,1
406_5_4,1,1,1,1,1,1,1,1,1,1
407_7_2,1,1,1,1,1,1,1,1,1,1
408_1_2,1,1,1,1,1,1,1,1,1,1
408_10_1,1,1,1,1,1,1,1,1,1,1
409_5_2,1,1,1,1,1,1,1,1,1,1
409_6_1,1,1,1,1,1,1,1,1,1,1
410_2_1,1,1,1,1,1,1,1,1,1,1
410_12_1,1,1,1,1,1,1,1,1,1,1
411_3_1,1,1,1,1,1,1,1,1,1,1
411_5_1,1,1,1,1,1,1,1,1,1,1
411_6_1,1,1,1,1,1,1,1,1,1,1
412_1_1,1,1,1,1,1,1,1,1,1,1
412_7_1,1,1,1,1,1,1,1,1,1,1
412_8_1,1,1,1,1,1,1,1,1,1,1
413_8_1,1,1,1,1,1,1,1,1,1,1
413_10_1,1,1,1,1,1,1,1,1,1,1
413_11_1,1,1,1,1,1,1,1,1,1,1
414_2_1,1,1,1,1,1,1,1,1,1,1
414_9_1,1,1,1,1,1,1,1,1,1,1
415_4_1,1,1,1,1,1,1,1,1,1,1
416_6_1,1,1,1,1,1,1,1,1,1,1
416_7_1,1,1,1,1,1,1,1,1,1,1
417_1_1,1,1,1,1,1,1,1,1,1,1
417_4_1,1,1,1,1,1,1,1,1,1,1
418_1_1,1,1,1,1,1,1,1,1,1,1
418_10_1,1,1,1,1,1,1,1,1,1,1
419_4_1,1,1,1,1,1,1,1,1,1,1
419_6_1,1,1,1,1,1,1,1,1,1,1
419_10_1,1,1,1,1,1,1,1,1,1,1
420_5_2,1,1,1,1,1,1,1,1,1,1
420_9_2,1,1,1,1,1,1,1,1,1,1
422_1_1,1,1,1,1,1,1,1,1,1,1
422_2_1,1,1,1,1,1,1,1,1,1,1
422_3_1,1,1,1,1,1,1,1,1,1,1
422_7_1,1,1,1,1,1,1,1,1,1,1
422_8_1,1,1,1,1,1,1,1,1,1,1
423_2_1,1,1,1,1,1,1,1,1,1,1
424_4_1,1,1,1,1,1,1,1,1,1,1
424_8_1,1,1,1,1,1,1,1,1,1,1
425_1_1,1,1,1,1,1,1,1,1,1,1
425_5_1,1,1,1,1,1,1,1,1,1,1
425_8_1,1,1,1,1,1,1,1,1,1,1
428_4_1,1,1,1,1,1,1,1,1,1,1
428_6_1,1,1,1,1,1,1,1,1,1,1
428_7_1,1,1,1,1,1,1,1,1,1,1
428_8_1,1,1,1,1,1,1,1,1,1,1
430_3_2,1,1,1,1,1,1,1,1,1,1
430_9_1,1,1,1,1,1,1,1,1,1,1
431_2_1,1,1,1,1,1,1,1,1,1,1
431_6_1,1,1,1,1,1,1,1,1,1,1
431_7_1,1,1,1,1,1,1,1,1,1,1
431_8_1,1,1,1,1,1,1,1,1,1,1
432_3_1,1,1,1,1,1,1,1,1,1,1
432_4_1,1,1,1,1,1,1,1,1,1,1
432_6_1,1,1,1,1,1,1,1,1,1,1
432_7_1,1,1,1,1,1,1,1,1,1,1
433_4_1,1,1,1,1,1,1,1,1,1,1
433_8_1,1,1,1,1,1,1,1,1,1,1
433_10_1,1,1,1,1,1,1,1,1,1,1
434_4_1,1,1,1,1,1,1,1,1,1,1
435_2_1,1,1,1,1,1,1,1,1,1,1
435_4_1,1,1,1,1,1,1,1,1,1,1
435_6_1,1,1,1,1,1,1,1,1,1,1
436_11_1,1,1,1,1,1,1,1,1,1,1
437_4_1,1,1,1,1,1,1,1,1,1,1
438_1_1,1,1,1,1,1,1,1,1,1,1
438_8_1,1,1,1,1,1,1,1,1,1,1
438_12_2,1,1,1,1,1,1,1,1,1,1
439_5_2,1,1,1,1,1,1,1,1,1,1
439_6_2,1,1,1,1,1,1,1,1,1,1
439_9_2,1,1,1,1,1,1,1,1,1,1
440_2_1,1,1,1,1,1,1,1,1,1,1
440_4_1,1,1,1,1,1,1,1,1,1,1
440_7_1,1,1,1,1,1,1,1,1,1,1
441_4_1,1,1,1,1,1,1,1,1,1,1
442_4_1,1,1,1,1,1,1,1,1,1,1
442_5_1,1,1,1,1,1,1,1,1,1,1
442_7_1,1,1,1,1,1,1,1,1,1,1
444_4_1,1,1,1,1,1,1,1,1,1,1
445_6_2,1,1,1,1,1,1,1,1,1,1
446_3_1,1,1,1,1,1,1,1,1,1,1
447_6_1,1,1,1,1,1,1,1,1,1,1
448_3_1,1,1,1,1,1,1,1,1,1,1
448_5_1,1,1,1,1,1,1,1,1,1,1
448_7_1,1,1,1,1,1,1,1,1,1,1
448_8_1,1,1,1,1,1,1,1,1,1,1
449_3_2,1,1,1,1,1,1,1,1,1,1
450_6_1,1,1,1,1,1,1,1,1,1,1
450_9_1,1,1,1,1,1,1,1,1,1,1
451_3_1,1,1,1,1,1,1,1,1,1,1
451_5_1,1,1,1,1,1,1,1,1,1,1
454_5_1,1,1,1,1,1,1,1,1,1,1
455_8_1,1,1,1,1,1,1,1,1,1,1
455_9_1,1,1,1,1,1,1,1,1,1,1
456_6_1,1,1,1,1,1,1,1,1,1,1
456_7_1,1,1,1,1,1,1,1,1,1,1
456_8_2,1,1,1,1,1,1,1,1,1,1
460_2_1,1,1,1,1,1,1,1,1,1,1
460_5_1,1,1,1,1,1,1,1,1,1,1
460_8_1,1,1,1,1,1,1,1,1,1,1
462_1_1,1,1,1,1,1,1,1,1,1,1
463_1_1,1,1,1,1,1,1,1,1,1,1
463_2_1,1,1,1,1,1,1,1,1,1,1
463_7_1,1,1,1,1,1,1,1,1,1,1
464_10_1,1,1,1,1,1,1,1,1,1,1
465_3_1,1,1,1,1,1,1,1,1,1,1
466_1_1,1,1,1,1,1,1,1,1,1,1
466_5_1,1,1,1,1,1,1,1,1,1,1
467_5_1,1,1,1,1,1,1,1,1,1,1
468_2_1,1,1,1,1,1,1,1,1,1,1
468_3_1,1,1,1,1,1,1,1,1,1,1
469_1_2,1,1,1,1,1,1,1,1,1,1
469_2_2,1,1,1,1,1,1,1,1,1,1
469_5_1,1,1,1,1,1,1,1,1,1,1
469_7_2,1,1,1,1,1,1,1,1,1,1
470_6_1,1,1,1,1,1,1,1,1,1,1
471_4_5,1,1,1,1,1,1,1,1,1,1
471_5_1,1,1,1,1,1,1,1,1,1,1
471_9_2,1,1,1,1,1,1,1,1,1,1
472_3_1,1,1,1,1,1,1,1,1,1,1
472_8_1,1,1,1,1,1,1,1,1,1,1
473_1_1,1,1,1,1,1,1,1,1,1,1
473_5_1,1,1,1,1,1,1,1,1,1,1
475_1_2,1,1,1,1,1,1,1,1,1,1
475_7_1,1,1,1,1,1,1,1,1,1,1
475_9_5,1,1,1,1,1,1,1,1,1,1
477_7_1,1,1,1,1,1,1,1,1,1,1
478_4_2,1,1,1,1,1,1,1,1,1,1
479_1_2,1,1,1,1,1,1,1,1,1,1
481_2_1,1,1,1,1,1,1,1,1,1,1
481_5_2,1,1,1,1,1,1,1,1,1,1
482_1_2,1,1,1,1,1,1,1,1,1,1
482_4_1,1,1,1,1,1,1,1,1,1,1
482_5_1,1,1,1,1,1,1,1,1,1,1
482_10_1,1,1,1,1,1,1,1,1,1,1
484_1_2,1,1,1,1,1,1,1,1,1,1
485_6_1,1,1,1,1,1,1,1,1,1,1
486_6_2,1,1,1,1,1,1,1,1,1,1
487_4_2,1,1,1,1,1,1,1,1,1,1
488_7_1,1,1,1,1,1,1,1,1,1,1
490_4_2,1,1,1,1,1,1,1,1,1,1
491_5_2,1,1,1,1,1,1,1,1,1,1
491_7_2,1,1,1,1,1,1,1,1,1,1
494_1_1,1,1,1,1,1,1,1,1,1,1
495_2_1,1,1,1,1,1,1,1,1,1,1
496_4_1,1,1,1,1,1,1,1,1,1,1
497_3_1,1,1,1,1,1,1,1,1,1,1
497_8_1,1,1,1,1,1,1,1,1,1,1
498_7_1,1,1,1,1,1,1,1,1,1,1
499_1_1,1,1,1,1,1,1,1,1,1,1
499_5_1,1,1,1,1,1,1,1,1,1,1
500_1_1,1,1,1,1,1,1,1,1,1,1
500_4_1,1,1,1,1,1,1,1,1,1,1
501_2_1,1,1,1,1,1,1,1,1,1,1
502_1_1,1,1,1,1,1,1,1,1,1,1
502_9_1,1,1,1,1,1,1,1,1,1,1
503_4_1,1,1,1,1,1,1,1,1,1,1
503_7_1,1,1,1,1,1,1,1,1,1,1
504_5_1,1,1,1,1,1,1,1,1,1,1
504_7_1,1,1,1,1,1,1,1,1,1,1
505_4_1,1,1,1,1,1,1,1,1,1,1
506_4_1,1,1,1,1,1,1,1,1,1,1
506_7_1,1,1,1,1,1,1,1,1,1,1
508_3_1,1,1,1,1,1,1,1,1,1,1
508_8_1,1,1,1,1,1,1,1,1,1,1
509_2_1,1,1,1,1,1,1,1,1,1,1
509_5_1,1,1,1,1,1,1,1,1,1,1
509_8_1,1,1,1,1,1,1,1,1,1,1
511_1_1,1,1,1,1,1,1,1,1,1,1
512_4_1,1,1,1,1,1,1,1,1,1,1
513_3_1,1,1,1,1,1,1,1,1,1,1
514_4_1,1,1,1,1,1,1,1,1,1,1
514_5_1,1,1,1,1,1,1,1,1,1,1
515_5_1,1,1,1,1,1,1,1,1,1,1
515_7_3,1,1,1,1,1,1,1,1,1,1
516_2_1,1,1,1,1,1,1,1,1,1,1
516_5_1,1,1,1,1,1,1,1,1,1,1
517_5_1,1,1,1,1,1,1,1,1,1,1
517_6_1,1,1,1,1,1,1,1,1,1,1
517_9_1,1,1,1,1,1,1,1,1,1,1
518_2_1,1,1,1,1,1,1,1,1,1,1
518_5_2,1,1,1,1,1,1,1,1,1,1
518_12_1,1,1,1,1,1,1,1,1,1,1
519_1_1,1,1,1,1,1,1,1,1,1,1
519_4_1,1,1,1,1,1,1,1,1,1,1
519_8_1,1,1,1,1,1,1,1,1,1,1
520_8_1,1,1,1,1,1,1,1,1,1,1
520_10_1,1,1,1,1,1,1,1,1,1,1
521_8_1,1,1,1,1,1,1,1,1,1,1
522_5_1,1,1,1,1,1,1,1,1,1,1
522_6_1,1,1,1,1,1,1,1,1,1,1
523_1_1,1,1,1,1,1,1,1,1,1,1
523_3_1,1,1,1,1,1,1,1,1,1,1
523_4_1,1,1,1,1,1,1,1,1,1,1
524_3_2,1,1,1,1,1,1,1,1,1,1
524_4_1,1,1,1,1,1,1,1,1,1,1
524_6_1,1,1,1,1,1,1,1,1,1,1
525_1_1,1,1,1,1,1,1,1,1,1,1
526_1_1,1,1,1,1,1,1,1,1,1,1
526_4_1,1,1,1,1,1,1,1,1,1,1
526_9_1,1,1,1,1,1,1,1,1,1,1
527_2_1,1,1,1,1,1,1,1,1,1,1
527_6_1,1,1,1,1,1,1,1,1,1,1
528_4_1,1,1,1,1,1,1,1,1,1,1
529_4_1,1,1,1,1,1,1,1,1,1,1
529_8_1,1,1,1,1,1,1,1,1,1,1
530_6_1,1,1,1,1,1,1,1,1,1,1
531_6_1,1,1,1,1,1,1,1,1,1,1
531_7_1,1,1,1,1,1,1,1,1,1,1
532_4_1,1,1,1,1,1,1,1,1,1,1
533_8_1,1,1,1,1,1,1,1,1,1,1
534_6_1,1,1,1,1,1,1,1,1,1,1
535_8_1,1,1,1,1,1,1,1,1,1,1
535_9_1,1,1,1,1,1,1,1,1,1,1
536_4_1,1,1,1,1,1,1,1,1,1,1
536_7_1,1,1,1,1,1,1,1,1,1,1
537_3_1,1,1,1,1,1,1,1,1,1,1
538_3_1,1,1,1,1,1,1,1,1,1,1
538_4_1,1,1,1,1,1,1,1,1,1,1
538_6_1,1,1,1,1,1,1,1,1,1,1
540_2_1,1,1,1,1,1,1,1,1,1,1
541_6_1,1,1,1,1,1,1,1,1,1,1
542_4_1,1,1,1,1,1,1,1,1,1,1
543_7_3,1,1,1,1,1,1,1,1,1,1
544_3_1,1,1,1,1,1,1,1,1,1,1
546_2_1,1,1,1,1,1,1,1,1,1,1
546_6_1,1,1,1,1,1,1,1,1,1,1
546_7_1,1,1,1,1,1,1,1,1,1,1
548_10_1,1,1,1,1,1,1,1,1,1,1
549_8_2,1,1,1,1,1,1,1,1,1,1
552_2_1,1,1,1,1,1,1,1,1,1,1
552_7_1,1,1,1,1,1,1,1,1,1,1
553_1_1,1,1,1,1,1,1,1,1,1,1
553_12_1,1,1,1,1,1,1,1,1,1,1
554_4_3,1,1,1,1,1,1,1,1,1,1
554_5_1,1,1,1,1,1,1,1,1,1,1
554_8_1,1,1,1,1,1,1,1,1,1,1
555_2_1,1,1,1,1,1,1,1,1,1,1
555_3_1,1,1,1,1,1,1,1,1,1,1
557_5_1,1,1,1,1,1,1,1,1,1,1
557_6_1,1,1,1,1,1,1,1,1,1,1
558_1_1,1,1,1,1,1,1,1,1,1,1
559_3_1,1,1,1,1,1,1,1,1,1,1
559_6_1,1,1,1,1,1,1,1,1,1,1
559_7_1,1,1,1,1,1,1,1,1,1,1
560_4_1,1,1,1,1,1,1,1,1,1,1
561_8_1,1,1,1,1,1,1,1,1,1,1
562_2_1,1,1,1,1,1,1,1,1,1,1
562_6_1,1,1,1,1,1,1,1,1,1,1
562_7_1,1,1,1,1,1,1,1,1,1,1
562_8_1,1,1,1,1,1,1,1,1,1,1
563_1_1,1,1,1,1,1,1,1,1,1,1
563_2_1,1,1,1,1,1,1,1,1,1,1
563_5_1,1,1,1,1,1,1,1,1,1,1
565_5_1,1,1,1,1,1,1,1,1,1,1
566_7_1,1,1,1,1,1,1,1,1,1,1
567_4_1,1,1,1,1,1,1,1,1,1,1
567_8_1,1,1,1,1,1,1,1,1,1,1
568_9_1,1,1,1,1,1,1,1,1,1,1
569_3_1,1,1,1,1,1,1,1,1,1,1
569_7_1,1,1,1,1,1,1,1,1,1,1
569_8_1,1,1,1,1,1,1,1,1,1,1
570_1_2,1,1,1,1,1,1,1,1,1,1
570_6_2,1,1,1,1,1,1,1,1,1,1
571_7_1,1,1,1,1,1,1,1,1,1,1
572_3_2,1,1,1,1,1,1,1,1,1,1
572_6_2,1,1,1,1,1,1,1,1,1,1
573_6_2,1,1,1,1,1,1,1,1,1,1
574_1_2,1,1,1,1,1,1,1,1,1,1
575_2_1,1,1,1,1,1,1,1,1,1,1
575_8_1,1,1,1,1,1,1,1,1,1,1
577_5_1,1,1,1,1,1,1,1,1,1,1
577_6_2,1,1,1,1,1,1,1,1,1,1
577_7_1,1,1,1,1,1,1,1,1,1,1
578_7_1,1,1,1,1,1,1,1,1,1,1
579_8_1,1,1,1,1,1,1,1,1,1,1
580_2_2,1,1,1,1,1,1,1,1,1,1
580_6_2,1,1,1,1,1,1,1,1,1,1
580_7_1,1,1,1,1,1,1,1,1,1,1
581_6_1,1,1,1,1,1,1,1,1,1,1
581_12_2,1,1,1,1,1,1,1,1,1,1
582_12_2,1,1,1,1,1,1,1,1,1,1
583_5_1,1,1,1,1,1,1,1,1,1,1
583_7_1,1,1,1,1,1,1,1,1,1,1
583_11_1,1,1,1,1,1,1,1,1,1,1
584_9_1,1,1,1,1,1,1,1,1,1,1
585_3_2,1,1,1,1,1,1,1,1,1,1
586_7_1,1,1,1,1,1,1,1,1,1,1
588_7_1,1,1,1,1,1,1,1,1,1,1
590_2_2,1,1,1,1,1,1,1,1,1,1
590_10_1,1,1,1,1,1,1,1,1,1,1
591_2_1,1,1,1,1,1,1,1,1,1,1
591_3_1,1,1,1,1,1,1,1,1,1,1
591_4_1,1,1,1,1,1,1,1,1,1,1
591_6_1,1,1,1,1,1,1,1,1,1,1
592_3_1,1,1,1,1,1,1,1,1,1,1
593_1_1,1,1,1,1,1,1,1,1,1,1
593_2_1,1,1,1,1,1,1,1,1,1,1
593_3_1,1,1,1,1,1,1,1,1,1,1
594_2_1,1,1,1,1,1,1,1,1,1,1
594_6_1,1,1,1,1,1,1,1,1,1,1
594_7_1,1,1,1,1,1,1,1,1,1,1
595_2_1,1,1,1,1,1,1,1,1,1,1
595_4_1,1,1,1,1,1,1,1,1,1,1
595_7_2,1,1,1,1,1,1,1,1,1,1
596_1_1,1,1,1,1,1,1,1,1,1,1
598_3_1,1,1,1,1,1,1,1,1,1,1
598_5_1,1,1,1,1,1,1,1,1,1,1
598_6_1,1,1,1,1,1,1,1,1,1,1
599_2_1,1,1,1,1,1,1,1,1,1,1
599_3_1,1,1,1,1,1,1,1,1,1,1
600_8_1,1,1,1,1,1,1,1,1,1,1
601_1_1,1,1,1,1,1,1,1,1,1,1
601_7_1,1,1,1,1,1,1,1,1,1,1
601_9_1,1,1,1,1,1,1,1,1,1,1
602_1_1,1,1,1,1,1,1,1,1,1,1
602_5_1,1,1,1,1,1,1,1,1,1,1
603_8_1,1,1,1,1,1,1,1,1,1,1
603_9_1,1,1,1,1,1,1,1,1,1,1
605_7_1,1,1,1,1,1,1,1,1,1,1
606_5_1,1,1,1,1,1,1,1,1,1,1
606_8_1,1,1,1,1,1,1,1,1,1,1
607_3_1,1,1,1,1,1,1,1,1,1,1
607_9_1,1,1,1,1,1,1,1,1,1,1
608_5_1,1,1,1,1,1,1,1,1,1,1
608_7_1,1,1,1,1,1,1,1,1,1,1
609_11_1,1,1,1,1,1,1,1,1,1,1
610_3_1,1,1,1,1,1,1,1,1,1,1
610_6_1,1,1,1,1,1,1,1,1,1,1
612_1_1,1,1,1,1,1,1,1,1,1,1
612_5_1,1,1,1,1,1,1,1,1,1,1
612_6_1,1,1,1,1,1,1,1,1,1,1
612_7_1,1,1,1,1,1,1,1,1,1,1
613_1_1,1,1,1,1,1,1,1,1,1,1
614_10_1,1,1,1,1,1,1,1,1,1,1
615_1_1,1,1,1,1,1,1,1,1,1,1
615_6_1,1,1,1,1,1,1,1,1,1,1
616_6_1,1,1,1,1,1,1,1,1,1,1
616_8_1,1,1,1,1,1,1,1,1,1,1
617_3_1,1,1,1,1,1,1,1,1,1,1
617_5_1,1,1,1,1,1,1,1,1,1,1
617_7_1,1,1,1,1,1,1,1,1,1,1
619_4_1,1,1,1,1,1,1,1,1,1,1
619_6_1,1,1,1,1,1,1,1,1,1,1
619_8_1,1,1,1,1,1,1,1,1,1,1
621_7_1,1,1,1,1,1,1,1,1,1,1
622_2_1,1,1,1,1,1,1,1,1,1,1
622_5_1,1,1,1,1,1,1,1,1,1,1
622_7_1,1,1,1,1,1,1,1,1,1,1
622_8_1,1,1,1,1,1,1,1,1,1,1
623_2_1,1,1,1,1,1,1,1,1,1,1
623_4_1,1,1,1,1,1,1,1,1,1,1
623_7_1,1,1,1,1,1,1,1,1,1,1
625_2_1,1,1,1,1,1,1,1,1,1,1
626_8_1,1,1,1,1,1,1,1,1,1,1
628_2_1,1,1,1,1,1,1,1,1,1,1
629_3_2,1,1,1,1,1,1,1,1,1,1
629_8_1,1,1,1,1,1,1,1,1,1,1
630_2_2,1,1,1,1,1,1,1,1,1,1
630_3_1,1,1,1,1,1,1,1,1,1,1
630_7_2,1,1,1,1,1,1,1,1,1,1
631_5_3,1,1,1,1,1,1,1,1,1,1
632_8_2,1,1,1,1,1,1,1,1,1,1
632_9_1,1,1,1,1,1,1,1,1,1,1
632_10_1,1,1,1,1,1,1,1,1,1,1
633_3_2,1,1,1,1,1,1,1,1,1,1
634_1_1,1,1,1,1,1,1,1,1,1,1
634_7_1,1,1,1,1,1,1,1,1,1,1
635_3_2,1,1,1,1,1,1,1,1,1,1
636_5_1,1,1,1,1,1,1,1,1,1,1
637_2_2,1,1,1,1,1,1,1,1,1,1
637_7_2,1,1,1,1,1,1,1,1,1,1
638_5_2,1,1,1,1,1,1,1,1,1,1
639_2_2,1,1,1,1,1,1,1,1,1,1
639_7_2,1,1,1,1,1,1,1,1,1,1
640_8_1,1,1,1,1,1,1,1,1,1,1
640_9_2,1,1,1,1,1,1,1,1,1,1
641_5_1,1,1,1,1,1,1,1,1,1,1
641_8_1,1,1,1,1,1,1,1,1,1,1
641_10_1,1,1,1,1,1,1,1,1,1,1
642_1_2,1,1,1,1,1,1,1,1,1,1
642_6_2,1,1,1,1,1,1,1,1,1,1
642_9_2,1,1,1,1,1,1,1,1,1,1
643_8_1,1,1,1,1,1,1,1,1,1,1
644_3_3,1,1,1,1,1,1,1,1,1,1
644_5_1,1,1,1,1,1,1,1,1,1,1
646_3_2,1,1,1,1,1,1,1,1,1,1
647_8_1,1,1,1,1,1,1,1,1,1,1
647_9_2,1,1,1,1,1,1,1,1,1,1
648_2_2,1,1,1,1,1,1,1,1,1,1
648_6_4,1,1,1,1,1,1,1,1,1,1
648_12_1,1,1,1,1,1,1,1,1,1,1
649_6_1,1,1,1,1,1,1,1,1,1,1
650_1_1,1,1,1,1,1,1,1,1,1,1
650_8_1,1,1,1,1,1,1,1,1,1,1
651_6_1,1,1,1,1,1,1,1,1,1,1
652_1_1,1,1,1,1,1,1,1,1,1,1
652_5_1,1,1,1,1,1,1,1,1,1,1
653_1_1,1,1,1,1,1,1,1,1,1,1
653_8_1,1,1,1,1,1,1,1,1,1,1
654_3_1,1,1,1,1,1,1,1,1,1,1
654_4_1,1,1,1,1,1,1,1,1,1,1
655_2_1,1,1,1,1,1,1,1,1,1,1
655_6_1,1,1,1,1,1,1,1,1,1,1
655_7_1,1,1,1,1,1,1,1,1,1,1
656_2_1,1,1,1,1,1,1,1,1,1,1
657_2_1,1,1,1,1,1,1,1,1,1,1
657_3_1,1,1,1,1,1,1,1,1,1,1
657_9_1,1,1,1,1,1,1,1,1,1,1
658_3_1,1,1,1,1,1,1,1,1,1,1
658_5_1,1,1,1,1,1,1,1,1,1,1
658_9_1,1,1,1,1,1,1,1,1,1,1
659_2_1,1,1,1,1,1,1,1,1,1,1
659_7_1,1,1,1,1,1,1,1,1,1,1
660_7_1,1,1,1,1,1,1,1,1,1,1
661_1_1,1,1,1,1,1,1,1,1,1,1
661_2_1,1,1,1,1,1,1,1,1,1,1
662_1_1,1,1,1,1,1,1,1,1,1,1
662_8_1,1,1,1,1,1,1,1,1,1,1
663_4_2,1,1,1,1,1,1,1,1,1,1
663_5_1,1,1,1,1,1,1,1,1,1,1
663_6_2,1,1,1,1,1,1,1,1,1,1
663_8_2,1,1,1,1,1,1,1,1,1,1
664_3_1,1,1,1,1,1,1,1,1,1,1
664_9_1,1,1,1,1,1,1,1,1,1,1
665_1_1,1,1,1,1,1,1,1,1,1,1
665_5_1,1,1,1,1,1,1,1,1,1,1
666_2_1,1,1,1,1,1,1,1,1,1,1
666_5_1,1,1,1,1,1,1,1,1,1,1
667_8_1,1,1,1,1,1,1,1,1,1,1
668_2_1,1,1,1,1,1,1,1,1,1,1
668_8_1,1,1,1,1,1,1,1,1,1,1
669_9_1,1,1,1,1,1,1,1,1,1,1
669_12_2,1,1,1,1,1,1,1,1,1,1
670_3_1,1,1,1,1,1,1,1,1,1,1
670_8_1,1,1,1,1,1,1,1,1,1,1
672_7_1,1,1,1,1,1,1,1,1,1,1
673_2_1,1,1,1,1,1,1,1,1,1,1
674_6_1,1,1,1,1,1,1,1,1,1,1
674_9_2,1,1,1,1,1,1,1,1,1,1
675_2_2,1,1,1,1,1,1,1,1,1,1
675_4_2,1,1,1,1,1,1,1,1,1,1
676_5_2,1,1,1,1,1,1,1,1,1,1
677_3_2,1,1,1,1,1,1,1,1,1,1
678_1_2,1,1,1,1,1,1,1,1,1,1
679_1_2,1,1,1,1,1,1,1,1,1,1
680_1_3,1,1,1,1,1,1,1,1,1,1
681_6_1,1,1,1,1,1,1,1,1,1,1
681_7_1,1,1,1,1,1,1,1,1,1,1
682_3_1,1,1,1,1,1,1,1,1,1,1
682_5_1,1,1,1,1,1,1,1,1,1,1
684_1_1,1,1,1,1,1,1,1,1,1,1
684_3_1,1,1,1,1,1,1,1,1,1,1
684_6_2,1,1,1,1,1,1,1,1,1,1
684_7_1,1,1,1,1,1,1,1,1,1,1
684_8_1,1,1,1,1,1,1,1,1,1,1
686_9_1,1,1,1,1,1,1,1,1,1,1
687_4_1,1,1,1,1,1,1,1,1,1,1
688_2_2,1,1,1,1,1,1,1,1,1,1
689_4_1,1,1,1,1,1,1,1,1,1,1
690_2_1,1,1,1,1,1,1,1,1,1,1
690_3_1,1,1,1,1,1,1,1,1,1,1
690_11_1,1,1,1,1,1,1,1,1,1,1
691_6_1,1,1,1,1,1,1,1,1,1,1
692_4_1,1,1,1,1,1,1,1,1,1,1
692_5_1,1,1,1,1,1,1,1,1,1,1
692_7_1,1,1,1,1,1,1,1,1,1,1
692_10_1,1,1,1,1,1,1,1,1,1,1
693_1_1,1,1,1,1,1,1,1,1,1,1
693_2_1,1,1,1,1,1,1,1,1,1,1
693_5_1,1,1,1,1,1,1,1,1,1,1
693_7_1,1,1,1,1,1,1,1,1,1,1
695_2_1,1,1,1,1,1,1,1,1,1,1
695_4_1,1,1,1,1,1,1,1,1,1,1
696_2_1,1,1,1,1,1,1,1,1,1,1
696_8_1,1,1,1,1,1,1,1,1,1,1
697_3_1,1,1,1,1,1,1,1,1,1,1
698_1_1,1,1,1,1,1,1,1,1,1,1
698_4_2,1,1,1,1,1,1,1,1,1,1
698_9_1,1,1,1,1,1,1,1,1,1,1
698_10_2,1,1,1,1,1,1,1,1,1,1
699_5_1,1,1,1,1,1,1,1,1,1,1
699_9_1,1,1,1,1,1,1,1,1,1,1
700_5_2,1,1,1,1,1,1,1,1,1,1
700_9_1,1,1,1,1,1,1,1,1,1,1
701_2_2,1,1,1,1,1,1,1,1,1,1
702_9_2,1,1,1,1,1,1,1,1,1,1
703_1_1,1,1,1,1,1,1,1,1,1,1
703_2_2,1,1,1,1,1,1,1,1,1,1
703_5_1,1,1,1,1,1,1,1,1,1,1
703_11_2,1,1,1,1,1,1,1,1,1,1
704_3_1,1,1,1,1,1,1,1,1,1,1
704_12_2,1,1,1,1,1,1,1,1,1,1
705_9_2,1,1,1,1,1,1,1,1,1,1
706_1_1,1,1,1,1,1,1,1,1,1,1
706_10_2,1,1,1,1,1,1,1,1,1,1
706_11_1,1,1,1,1,1,1,1,1,1,1
707_6_1,1,1,1,1,1,1,1,1,1,1
710_7_1,1,1,1,1,1,1,1,1,1,1
711_7_2,1,1,1,1,1,1,1,1,1,1
712_5_2,1,1,1,1,1,1,1,1,1,1
713_6_1,1,1,1,1,1,1,1,1,1,1
715_3_1,1,1,1,1,1,1,1,1,1,1
716_11_1,1,1,1,1,1,1,1,1,1,1
717_2_1,1,1,1,1,1,1,1,1,1,1
717_8_2,1,1,1,1,1,1,1,1,1,1
717_9_2,1,1,1,1,1,1,1,1,1,1
717_10_1,1,1,1,1,1,1,1,1,1,1
717_12_2,1,1,1,1,1,1,1,1,1,1
718_5_2,1,1,1,1,1,1,1,1,1,1
719_4_1,1,1,1,1,1,1,1,1,1,1
720_10_1,1,1,1,1,1,1,1,1,1,1
721_1_2,1,1,1,1,1,1,1,1,1,1
721_8_1,1,1,1,1,1,1,1,1,1,1
722_8_1,1,1,1,1,1,1,1,1,1,1
722_9_1,1,1,1,1,1,1,1,1,1,1
723_4_3,1,1,1,1,1,1,1,1,1,1
723_6_2,1,1,1,1,1,1,1,1,1,1
723_9_2,1,1,1,1,1,1,1,1,1,1
724_3_1,1,1,1,1,1,1,1,1,1,1
725_1_1,1,1,1,1,1,1,1,1,1,1
725_2_1,1,1,1,1,1,1,1,1,1,1
725_4_1,1,1,1,1,1,1,1,1,1,1
725_6_2,1,1,1,1,1,1,1,1,1,1
726_4_2,1,1,1,1,1,1,1,1,1,1
726_5_1,1,1,1,1,1,1,1,1,1,1
726_6_1,1,1,1,1,1,1,1,1,1,1
727_1_1,1,1,1,1,1,1,1,1,1,1
727_4_1,1,1,1,1,1,1,1,1,1,1
728_2_1,1,1,1,1,1,1,1,1,1,1
728_7_1,1,1,1,1,1,1,1,1,1,1
730_2_1,1,1,1,1,1,1,1,1,1,1
731_1_1,1,1,1,1,1,1,1,1,1,1
731_2_1,1,1,1,1,1,1,1,1,1,1
731_12_1,1,1,1,1,1,1,1,1,1,1
732_1_1,1,1,1,1,1,1,1,1,1,1
732_9_1,1,1,1,1,1,1,1,1,1,1
733_1_3,1,1,1,1,1,1,1,1,1,1
733_11_2,1,1,1,1,1,1,1,1,1,1
734_5_1,1,1,1,1,1,1,1,1,1,1
734_11_1,1,1,1,1,1,1,1,1,1,1
735_1_2,1,1,1,1,1,1,1,1,1,1
735_6_2,1,1,1,1,1,1,1,1,1,1
735_9_1,1,1,1,1,1,1,1,1,1,1
735_10_2,1,1,1,1,1,1,1,1,1,1
736_6_1,1,1,1,1,1,1,1,1,1,1
736_8_2,1,1,1,1,1,1,1,1,1,1
737_7_2,1,1,1,1,1,1,1,1,1,1
737_9_2,1,1,1,1,1,1,1,1,1,1
738_1_3,1,1,1,1,1,1,1,1,1,1
738_4_2,1,1,1,1,1,1,1,1,1,1
739_4_1,1,1,1,1,1,1,1,1,1,1
740_6_2,1,1,1,1,1,1,1,1,1,1
740_9_2,1,1,1,1,1,1,1,1,1,1
741_1_1,1,1,1,1,1,1,1,1,1,1
741_2_2,1,1,1,1,1,1,1,1,1,1
742_12_1,1,1,1,1,1,1,1,1,1,1
743_2_2,1,1,1,1,1,1,1,1,1,1
744_6_2,1,1,1,1,1,1,1,1,1,1
744_13_2,1,1,1,1,1,1,1,1,1,1
744_15_1,1,1,1,1,1,1,1,1,1,1
746_1_1,1,1,1,1,1,1,1,1,1,1
746_9_1,1,1,1,1,1,1,1,1,1,1
747_7_2,1,1,1,1,1,1,1,1,1,1
747_8_2,1,1,1,1,1,1,1,1,1,1
748_3_1,1,1,1,1,1,1,1,1,1,1
748_4_1,1,1,1,1,1,1,1,1,1,1
748_7_1,1,1,1,1,1,1,1,1,1,1
749_5_1,1,1,1,1,1,1,1,1,1,1
749_6_1,1,1,1,1,1,1,1,1,1,1
749_8_2,1,1,1,1,1,1,1,1,1,1
750_1_1,1,1,1,1,1,1,1,1,1,1
751_1_2,1,1,1,1,1,1,1,1,1,1
751_4_1,1,1,1,1,1,1,1,1,1,1
752_8_2,1,1,1,1,1,1,1,1,1,1
752_9_1,1,1,1,1,1,1,1,1,1,1
753_1_1,1,1,1,1,1,1,1,1,1,1
753_4_1,1,1,1,1,1,1,1,1,1,1
753_7_1,1,1,1,1,1,1,1,1,1,1
755_8_1,1,1,1,1,1,1,1,1,1,1
756_3_3,1,1,1,1,1,1,1,1,1,1
757_3_1,1,1,1,1,1,1,1,1,1,1
757_5_1,1,1,1,1,1,1,1,1,1,1
757_8_1,1,1,1,1,1,1,1,1,1,1
759_4_1,1,1,1,1,1,1,1,1,1,1
759_8_1,1,1,1,1,1,1,1,1,1,1
759_12_1,1,1,1,1,1,1,1,1,1,1
760_11_1,1,1,1,1,1,1,1,1,1,1
761_5_1,1,1,1,1,1,1,1,1,1,1
761_7_2,1,1,1,1,1,1,1,1,1,1
762_8_1,1,1,1,1,1,1,1,1,1,1
763_1_2,1,1,1,1,1,1,1,1,1,1
763_9_2,1,1,1,1,1,1,1,1,1,1
764_7_1,1,1,1,1,1,1,1,1,1,1
765_11_1,1,1,1,1,1,1,1,1,1,1
767_5_1,1,1,1,1,1,1,1,1,1,1
767_9_2,1,1,1,1,1,1,1,1,1,1
768_11_1,1,1,1,1,1,1,1,1,1,1
769_4_2,1,1,1,1,1,1,1,1,1,1
771_4_1,1,1,1,1,1,1,1,1,1,1
771_6_1,1,1,1,1,1,1,1,1,1,1
771_7_1,1,1,1,1,1,1,1,1,1,1
772_2_1,1,1,1,1,1,1,1,1,1,1
772_4_1,1,1,1,1,1,1,1,1,1,1
772_6_1,1,1,1,1,1,1,1,1,1,1
772_9_1,1,1,1,1,1,1,1,1,1,1
773_7_1,1,1,1,1,1,1,1,1,1,1
773_8_2,1,1,1,1,1,1,1,1,1,1
774_2_2,1,1,1,1,1,1,1,1,1,1
775_5_1,1,1,1,1,1,1,1,1,1,1
775_8_1,1,1,1,1,1,1,1,1,1,1
776_6_1,1,1,1,1,1,1,1,1,1,1
777_3_1,1,1,1,1,1,1,1,1,1,1
777_7_1,1,1,1,1,1,1,1,1,1,1
778_1_1,1,1,1,1,1,1,1,1,1,1
778_4_1,1,1,1,1,1,1,1,1,1,1
779_10_1,1,1,1,1,1,1,1,1,1,1
780_1_1,1,1,1,1,1,1,1,1,1,1
780_7_1,1,1,1,1,1,1,1,1,1,1
781_2_1,1,1,1,1,1,1,1,1,1,1
781_3_1,1,1,1,1,1,1,1,1,1,1
781_4_1,1,1,1,1,1,1,1,1,1,1
783_9_1,1,1,1,1,1,1,1,1,1,1
784_4_1,1,1,1,1,1,1,1,1,1,1
784_6_1,1,1,1,1,1,1,1,1,1,1
785_8_2,1,1,1,1,1,1,1,1,1,1
787_1_1,1,1,1,1,1,1,1,1,1,1
787_3_1,1,1,1,1,1,1,1,1,1,1
787_5_1,1,1,1,1,1,1,1,1,1,1
787_6_1,1,1,1,1,1,1,1,1,1,1
787_8_2,1,1,1,1,1,1,1,1,1,1
788_1_2,1,1,1,1,1,1,1,1,1,1
788_3_1,1,1,1,1,1,1,1,1,1,1
788_8_1,1,1,1,1,1,1,1,1,1,1
789_8_1,1,1,1,1,1,1,1,1,1,1
789_9_2,1,1,1,1,1,1,1,1,1,1
790_4_1,1,1,1,1,1,1,1,1,1,1
791_4_1,1,1,1,1,1,1,1,1,1,1
792_5_2,1,1,1,1,1,1,1,1,1,1
793_5_2,1,1,1,1,1,1,1,1,1,1
794_10_1,1,1,1,1,1,1,1,1,1,1
795_7_1,1,1,1,1,1,1,1,1,1,1
796_2_1,1,1,1,1,1,1,1,1,1,1
796_6_1,1,1,1,1,1,1,1,1,1,1
796_7_1,1,1,1,1,1,1,1,1,1,1
797_3_2,1,1,1,1,1,1,1,1,1,1
797_8_2,1,1,1,1,1,1,1,1,1,1
797_9_2,1,1,1,1,1,1,1,1,1,1
799_6_1,1,1,1,1,1,1,1,1,1,1
799_9_2,1,1,1,1,1,1,1,1,1,1
800_6_2,1,1,1,1,1,1,1,1,1,1
801_3_1,1,1,1,1,1,1,1,1,1,1
801_5_1,1,1,1,1,1,1,1,1,1,1
802_7_2,1,1,1,1,1,1,1,1,1,1
802_8_2,1,1,1,1,1,1,1,1,1,1
803_1_1,1,1,1,1,1,1,1,1,1,1
803_3_1,1,1,1,1,1,1,1,1,1,1
803_6_1,1,1,1,1,1,1,1,1,1,1
804_4_1,1,1,1,1,1,1,1,1,1,1
804_6_2,1,1,1,1,1,1,1,1,1,1
804_7_2,1,1,1,1,1,1,1,1,1,1
805_3_2,1,1,1,1,1,1,1,1,1,1
806_2_1,1,1,1,1,1,1,1,1,1,1
806_7_1,1,1,1,1,1,1,1,1,1,1
807_12_1,1,1,1,1,1,1,1,1,1,1
808_8_1,1,1,1,1,1,1,1,1,1,1
810_3_2,1,1,1,1,1,1,1,1,1,1
811_3_1,1,1,1,1,1,1,1,1,1,1
811_4_2,1,1,1,1,1,1,1,1,1,1
812_3_2,1,1,1,1,1,1,1,1,1,1
813_8_1,1,1,1,1,1,1,1,1,1,1
814_4_1,1,1,1,1,1,1,1,1,1,1
814_5_2,1,1,1,1,1,1,1,1,1,1
816_2_1,1,1,1,1,1,1,1,1,1,1
817_1_1,1,1,1,1,1,1,1,1,1,1
817_5_1,1,1,1,1,1,1,1,1,1,1
818_2_1,1,1,1,1,1,1,1,1,1,1
818_3_1,1,1,1,1,1,1,1,1,1,1
819_3_2,1,1,1,1,1,1,1,1,1,1
820_6_1,1,1,1,1,1,1,1,1,1,1
822_1_1,1,1,1,1,1,1,1,1,1,1
822_12_1,1,1,1,1,1,1,1,1,1,1
823_1_1,1,1,1,1,1,1,1,1,1,1
823_7_1,1,1,1,1,1,1,1,1,1,1
824_1_1,1,1,1,1,1,1,1,1,1,1
824_9_1,1,1,1,1,1,1,1,1,1,1
825_2_3,1,1,1,1,1,1,1,1,1,1
825_12_1,1,1,1,1,1,1,1,1,1,1
826_2_1,1,1,1,1,1,1,1,1,1,1
826_5_1,1,1,1,1,1,1,1,1,1,1
826_6_1,1,1,1,1,1,1,1,1,1,1
826_10_1,1,1,1,1,1,1,1,1,1,1
827_3_1,1,1,1,1,1,1,1,1,1,1
827_5_2,1,1,1,1,1,1,1,1,1,1
828_1_1,1,1,1,1,1,1,1,1,1,1
829_9_1,1,1,1,1,1,1,1,1,1,1
830_12_2,1,1,1,1,1,1,1,1,1,1
831_6_2,1,1,1,1,1,1,1,1,1,1
831_7_2,1,1,1,1,1,1,1,1,1,1
831_10_1,1,1,1,1,1,1,1,1,1,1
832_5_2,1,1,1,1,1,1,1,1,1,1
833_1_2,1,1,1,1,1,1,1,1,1,1
833_3_2,1,1,1,1,1,1,1,1,1,1
833_7_2,1,1,1,1,1,1,1,1,1,1
